{
  "run_id": "scenario_8__seed3__algograsp__alpha0.3__ms30__tl120",
  "scenario": "scenario_8",
  "seed": 3,
  "algo": "grasp",
  "served": 31.0,
  "unserved": 89.0,
  "wait_mean_min": 1.826331241925437,
  "ride_time_extra_mean_min": 5.433357317549145,
  "time_total_min": 640.0448399282598,
  "dist_total_km": 254.0,
  "cost": 1780.978593503078,
  "cpu_time_sec": 122.58324098587036,
  "cpu_time_grasp_sec": 122.58324098587036,
  "cpu_time_vnd_sec": 0.0
}