{
  "run_id": "scenario_5__seed3__algobaseline",
  "scenario": "scenario_5",
  "seed": 3,
  "algo": "baseline",
  "served": 36,
  "unserved": 64,
  "wait_mean_min": 3.4389525316578404,
  "ride_time_extra_mean_min": 1.4016361672566622,
  "time_total_min": 890.773719711111,
  "dist_total_km": 340.0,
  "cpu_time_sec": 1.6426658630371094
}