{
  "run_id": "scenario_6__seed3__algograsp_vnd__alpha0.3__ms30__tl30__vnd1",
  "scenario": "scenario_6",
  "seed": 3,
  "algo": "grasp_vnd",
  "served": 46.0,
  "unserved": 54.0,
  "wait_mean_min": 2.9392063001996247,
  "ride_time_extra_mean_min": 4.182424573075141,
  "time_total_min": 1004.2892040948971,
  "dist_total_km": 391.0,
  "cost": 1080.8482066375702,
  "cpu_time_sec": 144.12670516967773,
  "cpu_time_grasp_sec": 120.1886236667633,
  "cpu_time_vnd_sec": 23.93808150291443
}