{
  "run_id": "scenario_7__seed1__algograsp__alpha0.3__ms30__tl120",
  "scenario": "scenario_7",
  "seed": 1,
  "algo": "grasp",
  "served": 41.0,
  "unserved": 79.0,
  "wait_mean_min": 1.9150388816700972,
  "ride_time_extra_mean_min": 3.623434804633044,
  "time_total_min": 872.3451655770455,
  "dist_total_km": 344.0,
  "cost": 1581.0189618084098,
  "cpu_time_sec": 121.68560981750488,
  "cpu_time_grasp_sec": 121.68560981750488,
  "cpu_time_vnd_sec": 0.0
}