{
  "run_id": "scenario_9__seed1__algobaseline",
  "scenario": "scenario_9",
  "seed": 1,
  "algo": "baseline",
  "served": 57,
  "unserved": 63,
  "wait_mean_min": 1.7629273313116687,
  "ride_time_extra_mean_min": 3.808380917019591,
  "time_total_min": 1260.7154293133365,
  "dist_total_km": 510.0,
  "cpu_time_sec": 4.567802906036377
}