{
  "run_id": "scenario_9__seed1__algograsp_vnd__alpha0.3__ms30__tl30__vnd1",
  "scenario": "scenario_9",
  "seed": 1,
  "algo": "grasp_vnd",
  "served": 54.0,
  "unserved": 66.0,
  "wait_mean_min": 2.6567585756164642,
  "ride_time_extra_mean_min": 2.692782889037048,
  "time_total_min": 1164.8363916547175,
  "dist_total_km": 446.0,
  "cost": 1320.928471350279,
  "cpu_time_sec": 146.81876683235168,
  "cpu_time_grasp_sec": 122.07008481025696,
  "cpu_time_vnd_sec": 24.748682022094727
}