{
  "run_id": "scenario_8__seed5__algobaseline",
  "scenario": "scenario_8",
  "seed": 5,
  "algo": "baseline",
  "served": 32,
  "unserved": 88,
  "wait_mean_min": 0.758149397246183,
  "ride_time_extra_mean_min": 2.887559334124356,
  "time_total_min": 687.6893521404493,
  "dist_total_km": 302.0,
  "cpu_time_sec": 2.3396847248077393
}