{
  "run_id": "scenario_8__seed1__algograsp__alpha0.3__ms30__tl120",
  "scenario": "scenario_8",
  "seed": 1,
  "algo": "grasp",
  "served": 30.0,
  "unserved": 90.0,
  "wait_mean_min": 1.8544520165203329,
  "ride_time_extra_mean_min": 3.928644410335224,
  "time_total_min": 625.4621319241813,
  "dist_total_km": 246.0,
  "cost": 1800.9520871182583,
  "cpu_time_sec": 121.89833617210388,
  "cpu_time_grasp_sec": 121.89833617210388,
  "cpu_time_vnd_sec": 0.0
}