{
  "run_id": "scenario_1__seed3__algograsp_vnd__alpha0.3__ms30__tl30__vnd1",
  "scenario": "scenario_1",
  "seed": 3,
  "algo": "grasp_vnd",
  "served": 25.0,
  "unserved": 35.0,
  "wait_mean_min": 2.442067862750468,
  "ride_time_extra_mean_min": 6.022567558302182,
  "time_total_min": 468.8802679973331,
  "dist_total_km": 174.0,
  "cost": 700.9558607594203,
  "cpu_time_sec": 121.31978631019592,
  "cpu_time_grasp_sec": 120.15125513076782,
  "cpu_time_vnd_sec": 1.1685311794281006
}