{
  "run_id": "scenario_4__seed1__algobaseline",
  "scenario": "scenario_4",
  "seed": 1,
  "algo": "baseline",
  "served": 45,
  "unserved": 55,
  "wait_mean_min": 2.949100684966063,
  "ride_time_extra_mean_min": 4.328660815883334,
  "time_total_min": 961.5095308234729,
  "dist_total_km": 362.0,
  "cpu_time_sec": 2.888319492340088
}