{
  "run_id": "scenario_8__seed4__algograsp__alpha0.3__ms30__tl120",
  "scenario": "scenario_8",
  "seed": 4,
  "algo": "grasp",
  "served": 29.0,
  "unserved": 91.0,
  "wait_mean_min": 0.8844702857081922,
  "ride_time_extra_mean_min": 4.7196266673962395,
  "time_total_min": 620.6210668569661,
  "dist_total_km": 254.0,
  "cost": 1820.9635612760133,
  "cpu_time_sec": 120.98977065086365,
  "cpu_time_grasp_sec": 120.98977065086365,
  "cpu_time_vnd_sec": 0.0
}