{
  "run_id": "scenario_8__seed4__algograsp_vnd__alpha0.3__ms30__tl30__vnd1",
  "scenario": "scenario_8",
  "seed": 4,
  "algo": "grasp_vnd",
  "served": 29.0,
  "unserved": 91.0,
  "wait_mean_min": 0.765915403488791,
  "ride_time_extra_mean_min": 3.730032782935296,
  "time_total_min": 602.5544038440321,
  "dist_total_km": 249.0,
  "cost": 1820.940066390641,
  "cpu_time_sec": 124.57390856742859,
  "cpu_time_grasp_sec": 120.98977065086365,
  "cpu_time_vnd_sec": 3.5841379165649414
}