{
  "run_id": "scenario_10__seed5__algobaseline",
  "scenario": "scenario_10",
  "seed": 5,
  "algo": "baseline",
  "served": 46,
  "unserved": 54,
  "wait_mean_min": 0.6823575071895632,
  "ride_time_extra_mean_min": 2.6970433801877856,
  "time_total_min": 1027.9598739021485,
  "dist_total_km": 440.0,
  "cpu_time_sec": 3.4749488830566406
}