{
  "run_id": "scenario_10__seed3__algograsp__alpha0.3__ms30__tl120",
  "scenario": "scenario_10",
  "seed": 3,
  "algo": "grasp",
  "served": 45.0,
  "unserved": 55.0,
  "wait_mean_min": 1.5021959298320395,
  "ride_time_extra_mean_min": 3.994976201103281,
  "time_total_min": 1004.8559596995847,
  "dist_total_km": 410.0,
  "cost": 1100.9165631571125,
  "cpu_time_sec": 121.24639773368835,
  "cpu_time_grasp_sec": 121.24639773368835,
  "cpu_time_vnd_sec": 0.0
}