{
  "run_id": "scenario_6__seed4__algograsp__alpha0.3__ms30__tl120",
  "scenario": "scenario_6",
  "seed": 4,
  "algo": "grasp",
  "served": 55.0,
  "unserved": 45.0,
  "wait_mean_min": 1.5414056819816415,
  "ride_time_extra_mean_min": 7.2607490856583485,
  "time_total_min": 1143.2915982232762,
  "dist_total_km": 458.0,
  "cost": 900.9791603306538,
  "cpu_time_sec": 120.79246258735657,
  "cpu_time_grasp_sec": 120.79246258735657,
  "cpu_time_vnd_sec": 0.0
}