{
  "run_id": "scenario_6__seed1__algobaseline",
  "scenario": "scenario_6",
  "seed": 1,
  "algo": "baseline",
  "served": 55,
  "unserved": 45,
  "wait_mean_min": 1.808243871159936,
  "ride_time_extra_mean_min": 4.824429101877179,
  "time_total_min": 1130.424841485225,
  "dist_total_km": 460.0,
  "cpu_time_sec": 3.7389307022094727
}