{
  "run_id": "scenario_2__seed5__algograsp__alpha0.3__ms30__tl120",
  "scenario": "scenario_2",
  "seed": 5,
  "algo": "grasp",
  "served": 18.0,
  "unserved": 42.0,
  "wait_mean_min": 3.0405360161509045,
  "ride_time_extra_mean_min": 1.1111111111111125,
  "time_total_min": 519.4153625764307,
  "dist_total_km": 200.0,
  "cost": 841.0527074576721,
  "cpu_time_sec": 78.73135018348694,
  "cpu_time_grasp_sec": 78.73135018348694,
  "cpu_time_vnd_sec": 0.0
}