{
  "run_id": "scenario_3__seed3__algograsp_vnd__alpha0.3__ms30__tl30__vnd1",
  "scenario": "scenario_3",
  "seed": 3,
  "algo": "grasp_vnd",
  "served": 25.0,
  "unserved": 35.0,
  "wait_mean_min": 1.5248463008659576,
  "ride_time_extra_mean_min": 4.1505516444349695,
  "time_total_min": 428.74972895022034,
  "dist_total_km": 166.0,
  "cost": 700.7408959174264,
  "cpu_time_sec": 123.37453007698059,
  "cpu_time_grasp_sec": 120.12526631355286,
  "cpu_time_vnd_sec": 3.2492637634277344
}