{
  "run_id": "scenario_4__seed5__algograsp_vnd__alpha0.3__ms30__tl30__vnd1",
  "scenario": "scenario_4",
  "seed": 5,
  "algo": "grasp_vnd",
  "served": 45.0,
  "unserved": 55.0,
  "wait_mean_min": 2.467644640096645,
  "ride_time_extra_mean_min": 2.457178484179499,
  "time_total_min": 870.3582945186347,
  "dist_total_km": 326.0,
  "cost": 1100.8374750472144,
  "cpu_time_sec": 127.7509593963623,
  "cpu_time_grasp_sec": 120.27334213256836,
  "cpu_time_vnd_sec": 7.477617263793945
}