{
  "run_id": "scenario_3__seed1__algograsp_vnd__alpha0.3__ms30__tl30__vnd1",
  "scenario": "scenario_3",
  "seed": 1,
  "algo": "grasp_vnd",
  "served": 26.0,
  "unserved": 34.0,
  "wait_mean_min": 1.1299488541650553,
  "ride_time_extra_mean_min": 3.4945054945054945,
  "time_total_min": 583.2072416368628,
  "dist_total_km": 241.0,
  "cost": 681.0411340871985,
  "cpu_time_sec": 121.29054975509644,
  "cpu_time_grasp_sec": 120.13382148742676,
  "cpu_time_vnd_sec": 1.1567282676696777
}