{
  "run_id": "scenario_4__seed2__algobaseline",
  "scenario": "scenario_4",
  "seed": 2,
  "algo": "baseline",
  "served": 47,
  "unserved": 53,
  "wait_mean_min": 2.293643988603104,
  "ride_time_extra_mean_min": 2.393490655153495,
  "time_total_min": 1066.7726960357745,
  "dist_total_km": 412.0,
  "cpu_time_sec": 2.668704032897949
}