{
  "run_id": "scenario_3__seed5__algograsp__alpha0.3__ms30__tl120",
  "scenario": "scenario_3",
  "seed": 5,
  "algo": "grasp",
  "served": 25.0,
  "unserved": 35.0,
  "wait_mean_min": 1.0309728318953282,
  "ride_time_extra_mean_min": 5.892685084767961,
  "time_total_min": 642.9171779402402,
  "dist_total_km": 270.0,
  "cost": 701.157214194433,
  "cpu_time_sec": 120.142817735672,
  "cpu_time_grasp_sec": 120.142817735672,
  "cpu_time_vnd_sec": 0.0
}