{
  "run_id": "scenario_9__seed2__algograsp__alpha0.3__ms30__tl120",
  "scenario": "scenario_9",
  "seed": 2,
  "algo": "grasp",
  "served": 58.0,
  "unserved": 62.0,
  "wait_mean_min": 2.619961841455312,
  "ride_time_extra_mean_min": 4.970597633818207,
  "time_total_min": 1196.1863582329795,
  "dist_total_km": 448.0,
  "cost": 1240.943293743788,
  "cpu_time_sec": 121.20264196395874,
  "cpu_time_grasp_sec": 121.20264196395874,
  "cpu_time_vnd_sec": 0.0
}