{
  "run_id": "scenario_2__seed5__algobaseline",
  "scenario": "scenario_2",
  "seed": 5,
  "algo": "baseline",
  "served": 16,
  "unserved": 44,
  "wait_mean_min": 3.330628642197852,
  "ride_time_extra_mean_min": 1.5000000000000004,
  "time_total_min": 458.3186297037371,
  "dist_total_km": 180.0,
  "cpu_time_sec": 0.439206600189209
}