{
  "run_id": "scenario_1__seed1__algobaseline",
  "scenario": "scenario_1",
  "seed": 1,
  "algo": "baseline",
  "served": 22,
  "unserved": 38,
  "wait_mean_min": 3.8768633095320837,
  "ride_time_extra_mean_min": 2.940953899902823,
  "time_total_min": 511.34813566684863,
  "dist_total_km": 186.0,
  "cpu_time_sec": 0.7134261131286621
}