{
  "run_id": "scenario_3__seed5__algobaseline",
  "scenario": "scenario_3",
  "seed": 5,
  "algo": "baseline",
  "served": 21,
  "unserved": 39,
  "wait_mean_min": 1.2730546889802408,
  "ride_time_extra_mean_min": 4.000000000000001,
  "time_total_min": 512.5627198971565,
  "dist_total_km": 216.0,
  "cpu_time_sec": 0.7675468921661377
}