{
  "run_id": "scenario_8__seed2__algobaseline",
  "scenario": "scenario_8",
  "seed": 2,
  "algo": "baseline",
  "served": 36,
  "unserved": 84,
  "wait_mean_min": 1.8165145701530723,
  "ride_time_extra_mean_min": 1.902964955934828,
  "time_total_min": 715.5659530969392,
  "dist_total_km": 286.0,
  "cpu_time_sec": 3.2760939598083496
}