{
  "run_id": "scenario_1__seed3__algobaseline",
  "scenario": "scenario_1",
  "seed": 3,
  "algo": "baseline",
  "served": 22,
  "unserved": 38,
  "wait_mean_min": 2.467103797019244,
  "ride_time_extra_mean_min": 1.7679913746131957,
  "time_total_min": 449.4762835344233,
  "dist_total_km": 174.0,
  "cpu_time_sec": 0.9224691390991211
}