{
  "run_id": "scenario_4__seed2__algograsp_vnd__alpha0.3__ms30__tl30__vnd1",
  "scenario": "scenario_4",
  "seed": 2,
  "algo": "grasp_vnd",
  "served": 43.0,
  "unserved": 57.0,
  "wait_mean_min": 2.3994478748600656,
  "ride_time_extra_mean_min": 4.049523941260501,
  "time_total_min": 883.0048300475542,
  "dist_total_km": 340.0,
  "cost": 1140.8612575393095,
  "cpu_time_sec": 131.7516326904297,
  "cpu_time_grasp_sec": 121.55372786521912,
  "cpu_time_vnd_sec": 10.197904825210571
}