{
  "run_id": "scenario_9__seed4__algograsp_vnd__alpha0.3__ms30__tl30__vnd1",
  "scenario": "scenario_9",
  "seed": 4,
  "algo": "grasp_vnd",
  "served": 56.0,
  "unserved": 64.0,
  "wait_mean_min": 2.66877980260737,
  "ride_time_extra_mean_min": 3.1605780879378353,
  "time_total_min": 1084.19452608887,
  "dist_total_km": 406.0,
  "cost": 1280.8549214116076,
  "cpu_time_sec": 151.52851057052612,
  "cpu_time_grasp_sec": 121.32857751846313,
  "cpu_time_vnd_sec": 30.19993305206299
}