{
  "run_id": "scenario_5__seed1__algograsp_vnd__alpha0.3__ms30__tl30__vnd1",
  "scenario": "scenario_5",
  "seed": 1,
  "algo": "grasp_vnd",
  "served": 40.0,
  "unserved": 60.0,
  "wait_mean_min": 1.4676698807274986,
  "ride_time_extra_mean_min": 2.2820465064052557,
  "time_total_min": 937.5639380862427,
  "dist_total_km": 382.0,
  "cost": 1201.0705528958629,
  "cpu_time_sec": 124.73440027236938,
  "cpu_time_grasp_sec": 120.98626065254211,
  "cpu_time_vnd_sec": 3.7481396198272705
}