{
  "run_id": "scenario_7__seed1__algobaseline",
  "scenario": "scenario_7",
  "seed": 1,
  "algo": "baseline",
  "served": 38,
  "unserved": 82,
  "wait_mean_min": 2.0702187667912693,
  "ride_time_extra_mean_min": 3.7556154602683613,
  "time_total_min": 840.9540274237825,
  "dist_total_km": 330.0,
  "cpu_time_sec": 3.6348259449005127
}