{
  "run_id": "scenario_2__seed1__algobaseline",
  "scenario": "scenario_2",
  "seed": 1,
  "algo": "baseline",
  "served": 18,
  "unserved": 42,
  "wait_mean_min": 5.727866858846972,
  "ride_time_extra_mean_min": 2.072487846324203,
  "time_total_min": 491.5587463163883,
  "dist_total_km": 170.0,
  "cpu_time_sec": 0.456920862197876
}