{
  "run_id": "scenario_3__seed4__algograsp_vnd__alpha0.3__ms30__tl30__vnd1",
  "scenario": "scenario_3",
  "seed": 4,
  "algo": "grasp_vnd",
  "served": 25.0,
  "unserved": 35.0,
  "wait_mean_min": 4.229168358016172,
  "ride_time_extra_mean_min": 4.549473530107683,
  "time_total_min": 524.9863518075471,
  "dist_total_km": 181.0,
  "cost": 700.8583803603123,
  "cpu_time_sec": 122.77756237983704,
  "cpu_time_grasp_sec": 120.16857481002808,
  "cpu_time_vnd_sec": 2.60898756980896
}