{
  "run_id": "scenario_5__seed5__algobaseline",
  "scenario": "scenario_5",
  "seed": 5,
  "algo": "baseline",
  "served": 39,
  "unserved": 61,
  "wait_mean_min": 2.4852075120894708,
  "ride_time_extra_mean_min": 0.7531135531135534,
  "time_total_min": 922.2945215429179,
  "dist_total_km": 364.0,
  "cpu_time_sec": 2.059568166732788
}