{
  "run_id": "scenario_7__seed3__algograsp__alpha0.3__ms30__tl120",
  "scenario": "scenario_7",
  "seed": 3,
  "algo": "grasp",
  "served": 39.0,
  "unserved": 81.0,
  "wait_mean_min": 2.7971803232568013,
  "ride_time_extra_mean_min": 3.0329584105011875,
  "time_total_min": 927.4900326070153,
  "dist_total_km": 364.0,
  "cost": 1621.0807954977367,
  "cpu_time_sec": 120.61915063858032,
  "cpu_time_grasp_sec": 120.61915063858032,
  "cpu_time_vnd_sec": 0.0
}