{
  "run_id": "scenario_5__seed3__algograsp__alpha0.3__ms30__tl120",
  "scenario": "scenario_5",
  "seed": 3,
  "algo": "grasp",
  "served": 38.0,
  "unserved": 62.0,
  "wait_mean_min": 2.9736013513102835,
  "ride_time_extra_mean_min": 1.7488489108338854,
  "time_total_min": 893.3397084926479,
  "dist_total_km": 338.0,
  "cost": 1240.9823797291413,
  "cpu_time_sec": 120.93225026130676,
  "cpu_time_grasp_sec": 120.93225026130676,
  "cpu_time_vnd_sec": 0.0
}