{
  "run_id": "scenario_4__seed4__algograsp_vnd__alpha0.3__ms30__tl30__vnd1",
  "scenario": "scenario_4",
  "seed": 4,
  "algo": "grasp_vnd",
  "served": 44.0,
  "unserved": 56.0,
  "wait_mean_min": 2.3996706873151252,
  "ride_time_extra_mean_min": 3.238142623167023,
  "time_total_min": 864.7855102418655,
  "dist_total_km": 325.0,
  "cost": 1120.8334760659802,
  "cpu_time_sec": 130.0958333015442,
  "cpu_time_grasp_sec": 120.44962430000305,
  "cpu_time_vnd_sec": 9.646209001541138
}