{
  "run_id": "scenario_6__seed3__algobaseline",
  "scenario": "scenario_6",
  "seed": 3,
  "algo": "baseline",
  "served": 54,
  "unserved": 46,
  "wait_mean_min": 1.09489568713219,
  "ride_time_extra_mean_min": 4.680458872279537,
  "time_total_min": 1188.2672242479955,
  "dist_total_km": 504.0,
  "cpu_time_sec": 3.2289576530456543
}