{
  "run_id": "scenario_8__seed5__algograsp__alpha0.3__ms30__tl120",
  "scenario": "scenario_8",
  "seed": 5,
  "algo": "grasp",
  "served": 30.0,
  "unserved": 90.0,
  "wait_mean_min": 1.4147039419323295,
  "ride_time_extra_mean_min": 2.128092856018648,
  "time_total_min": 714.44111825797,
  "dist_total_km": 300.0,
  "cost": 1801.1236884563762,
  "cpu_time_sec": 120.23584008216858,
  "cpu_time_grasp_sec": 120.23584008216858,
  "cpu_time_vnd_sec": 0.0
}