{
  "run_id": "scenario_7__seed4__algograsp_vnd__alpha0.3__ms30__tl30__vnd1",
  "scenario": "scenario_7",
  "seed": 4,
  "algo": "grasp_vnd",
  "served": 37.0,
  "unserved": 83.0,
  "wait_mean_min": 2.827914960797276,
  "ride_time_extra_mean_min": 2.9330156810539543,
  "time_total_min": 828.1185678352136,
  "dist_total_km": 318.0,
  "cost": 1660.9546546349247,
  "cpu_time_sec": 127.03079581260681,
  "cpu_time_grasp_sec": 122.03083634376526,
  "cpu_time_vnd_sec": 4.999959468841553
}