{
  "run_id": "scenario_10__seed1__algobaseline",
  "scenario": "scenario_10",
  "seed": 1,
  "algo": "baseline",
  "served": 45,
  "unserved": 55,
  "wait_mean_min": 2.822268539104552,
  "ride_time_extra_mean_min": 3.2437770486223676,
  "time_total_min": 1127.4592271168478,
  "dist_total_km": 444.0,
  "cpu_time_sec": 2.7452409267425537
}