{
  "run_id": "scenario_10__seed5__algograsp_vnd__alpha0.3__ms30__tl30__vnd1",
  "scenario": "scenario_10",
  "seed": 5,
  "algo": "grasp_vnd",
  "served": 43.0,
  "unserved": 57.0,
  "wait_mean_min": 2.1971950410772476,
  "ride_time_extra_mean_min": 3.7957979490569973,
  "time_total_min": 1016.7079581948931,
  "dist_total_km": 396.0,
  "cost": 1140.9063328406125,
  "cpu_time_sec": 127.50870656967163,
  "cpu_time_grasp_sec": 121.47616648674011,
  "cpu_time_vnd_sec": 6.0325400829315186
}