{
  "run_id": "scenario_4__seed5__algobaseline",
  "scenario": "scenario_4",
  "seed": 5,
  "algo": "baseline",
  "served": 42,
  "unserved": 58,
  "wait_mean_min": 1.5877232683342972,
  "ride_time_extra_mean_min": 2.682379291758386,
  "time_total_min": 1046.3415201271835,
  "dist_total_km": 440.0,
  "cpu_time_sec": 2.1522231101989746
}