{
  "run_id": "scenario_5__seed4__algograsp__alpha0.3__ms30__tl120",
  "scenario": "scenario_5",
  "seed": 4,
  "algo": "grasp",
  "served": 38.0,
  "unserved": 62.0,
  "wait_mean_min": 2.938896486485413,
  "ride_time_extra_mean_min": 2.452992464941049,
  "time_total_min": 983.4494950578742,
  "dist_total_km": 376.0,
  "cost": 1241.0871356727323,
  "cpu_time_sec": 120.33014941215515,
  "cpu_time_grasp_sec": 120.33014941215515,
  "cpu_time_vnd_sec": 0.0
}