{
  "run_id": "scenario_9__seed3__algograsp__alpha0.3__ms30__tl120",
  "scenario": "scenario_9",
  "seed": 3,
  "algo": "grasp",
  "served": 55.0,
  "unserved": 65.0,
  "wait_mean_min": 1.982520151102629,
  "ride_time_extra_mean_min": 4.071733353868157,
  "time_total_min": 1202.867179739216,
  "dist_total_km": 474.0,
  "cost": 1300.9724420885873,
  "cpu_time_sec": 121.57751941680908,
  "cpu_time_grasp_sec": 121.57751941680908,
  "cpu_time_vnd_sec": 0.0
}