{
  "run_id": "scenario_1__seed5__algograsp__alpha0.3__ms30__tl120",
  "scenario": "scenario_1",
  "seed": 5,
  "algo": "grasp",
  "served": 23.0,
  "unserved": 37.0,
  "wait_mean_min": 2.167098222246341,
  "ride_time_extra_mean_min": 5.3317077436378435,
  "time_total_min": 570.0718305402372,
  "dist_total_km": 224.0,
  "cost": 741.1959032488237,
  "cpu_time_sec": 120.11824703216553,
  "cpu_time_grasp_sec": 120.11824703216553,
  "cpu_time_vnd_sec": 0.0
}