{
  "run_id": "scenario_5__seed1__algobaseline",
  "scenario": "scenario_5",
  "seed": 1,
  "algo": "baseline",
  "served": 42,
  "unserved": 58,
  "wait_mean_min": 2.8961724448136223,
  "ride_time_extra_mean_min": 1.358459508915272,
  "time_total_min": 1017.2963855393148,
  "dist_total_km": 394.0,
  "cpu_time_sec": 2.6197898387908936
}