{
  "run_id": "scenario_10__seed1__algograsp_vnd__alpha0.3__ms30__tl30__vnd1",
  "scenario": "scenario_10",
  "seed": 1,
  "algo": "grasp_vnd",
  "served": 43.0,
  "unserved": 57.0,
  "wait_mean_min": 3.3805429715879765,
  "ride_time_extra_mean_min": 3.8341829684261386,
  "time_total_min": 1029.363347778283,
  "dist_total_km": 396.0,
  "cost": 1140.912108114138,
  "cpu_time_sec": 144.2746844291687,
  "cpu_time_grasp_sec": 120.89548897743225,
  "cpu_time_vnd_sec": 23.37919545173645
}