{
  "run_id": "scenario_5__seed2__algobaseline",
  "scenario": "scenario_5",
  "seed": 2,
  "algo": "baseline",
  "served": 35,
  "unserved": 65,
  "wait_mean_min": 3.4775787549882464,
  "ride_time_extra_mean_min": 1.1501423030837319,
  "time_total_min": 865.2581135674458,
  "dist_total_km": 324.0,
  "cpu_time_sec": 1.6098103523254395
}