{
  "run_id": "scenario_2__seed2__algograsp_vnd__alpha0.3__ms30__tl30__vnd1",
  "scenario": "scenario_2",
  "seed": 2,
  "algo": "grasp_vnd",
  "served": 21.0,
  "unserved": 39.0,
  "wait_mean_min": 2.7832424361607857,
  "ride_time_extra_mean_min": 3.0815289564632384,
  "time_total_min": 536.3338054450908,
  "dist_total_km": 209.0,
  "cost": 781.093621024159,
  "cpu_time_sec": 108.34036254882812,
  "cpu_time_grasp_sec": 107.78005266189575,
  "cpu_time_vnd_sec": 0.560309886932373
}