{
  "run_id": "scenario_4__seed2__algograsp__alpha0.3__ms30__tl120",
  "scenario": "scenario_4",
  "seed": 2,
  "algo": "grasp",
  "served": 43.0,
  "unserved": 57.0,
  "wait_mean_min": 1.999991607301751,
  "ride_time_extra_mean_min": 3.543265258981803,
  "time_total_min": 1065.8853533996896,
  "dist_total_km": 428.0,
  "cost": 1141.0616776576342,
  "cpu_time_sec": 121.55372786521912,
  "cpu_time_grasp_sec": 121.55372786521912,
  "cpu_time_vnd_sec": 0.0
}