{
  "run_id": "scenario_6__seed4__algobaseline",
  "scenario": "scenario_6",
  "seed": 4,
  "algo": "baseline",
  "served": 51,
  "unserved": 49,
  "wait_mean_min": 1.8344131482974215,
  "ride_time_extra_mean_min": 4.704076488145713,
  "time_total_min": 1070.3550705631685,
  "dist_total_km": 424.0,
  "cpu_time_sec": 3.34983491897583
}