{
  "run_id": "scenario_8__seed4__algobaseline",
  "scenario": "scenario_8",
  "seed": 4,
  "algo": "baseline",
  "served": 30,
  "unserved": 90,
  "wait_mean_min": 1.3091389458985743,
  "ride_time_extra_mean_min": 2.1239472271321262,
  "time_total_min": 547.3884540912429,
  "dist_total_km": 216.0,
  "cpu_time_sec": 2.481065273284912
}