{
  "run_id": "scenario_5__seed2__algograsp__alpha0.3__ms30__tl120",
  "scenario": "scenario_5",
  "seed": 2,
  "algo": "grasp",
  "served": 38.0,
  "unserved": 62.0,
  "wait_mean_min": 2.9611452578276256,
  "ride_time_extra_mean_min": 1.9648022491889656,
  "time_total_min": 909.3235197974496,
  "dist_total_km": 342.0,
  "cost": 1240.996987458188,
  "cpu_time_sec": 120.37969946861267,
  "cpu_time_grasp_sec": 120.37969946861267,
  "cpu_time_vnd_sec": 0.0
}