{
  "run_id": "scenario_7__seed3__algograsp_vnd__alpha0.3__ms30__tl30__vnd1",
  "scenario": "scenario_7",
  "seed": 3,
  "algo": "grasp_vnd",
  "served": 39.0,
  "unserved": 81.0,
  "wait_mean_min": 2.9074602772497062,
  "ride_time_extra_mean_min": 2.6521147977516293,
  "time_total_min": 829.1052365270243,
  "dist_total_km": 313.0,
  "cost": 1620.9478445428288,
  "cpu_time_sec": 127.40999126434326,
  "cpu_time_grasp_sec": 120.61915063858032,
  "cpu_time_vnd_sec": 6.7908406257629395
}