{
  "run_id": "scenario_9__seed5__algograsp__alpha0.3__ms30__tl120",
  "scenario": "scenario_9",
  "seed": 5,
  "algo": "grasp",
  "served": 56.0,
  "unserved": 64.0,
  "wait_mean_min": 1.2661964667346643,
  "ride_time_extra_mean_min": 3.7306755538689425,
  "time_total_min": 1379.821287851427,
  "dist_total_km": 582.0,
  "cost": 1281.1543903078352,
  "cpu_time_sec": 122.2738881111145,
  "cpu_time_grasp_sec": 122.2738881111145,
  "cpu_time_vnd_sec": 0.0
}