{
  "run_id": "scenario_2__seed2__algograsp__alpha0.3__ms30__tl120",
  "scenario": "scenario_2",
  "seed": 2,
  "algo": "grasp",
  "served": 21.0,
  "unserved": 39.0,
  "wait_mean_min": 2.7832424361607857,
  "ride_time_extra_mean_min": 2.918263650340789,
  "time_total_min": 576.0480911593766,
  "dist_total_km": 228.0,
  "cost": 781.1839935525758,
  "cpu_time_sec": 107.78005266189575,
  "cpu_time_grasp_sec": 107.78005266189575,
  "cpu_time_vnd_sec": 0.0
}