{
  "run_id": "scenario_4__seed3__algograsp__alpha0.3__ms30__tl120",
  "scenario": "scenario_4",
  "seed": 3,
  "algo": "grasp",
  "served": 45.0,
  "unserved": 55.0,
  "wait_mean_min": 2.703499797937252,
  "ride_time_extra_mean_min": 4.067048483047877,
  "time_total_min": 1051.2574909071764,
  "dist_total_km": 408.0,
  "cost": 1101.0293965725607,
  "cpu_time_sec": 121.7796745300293,
  "cpu_time_grasp_sec": 121.7796745300293,
  "cpu_time_vnd_sec": 0.0
}